<?xml version="1.0"?>
<Project Version="1" Minor="0">
	<BUILD_NUMBER Name="932637"/>
	<FULL_BUILD Name="SW Build 932637 on Wed Jun 11 13:33:10 MDT 2014"/>
	<MODE Name="Post-Bitstream"/>
	<SYSTEMINFO BOARD="" ARCH="artix7" PACKAGE="cpg236" DEVICE="7a35t" SPEED="-1"/>
	<HIERARCHY Name="system_i"/>
	<File Type="HW_HANDOFF" Name="system.hwh" ModTime="1411916982"/>
	<File Type="BIT" Name="system_wrapper.bit" ModTime="1411917407"/>
	<File Type="BMM" Name="system_wrapper_bd.bmm" ModTime="1411917370"/>
</Project>

